Num,Title,Company,Reward,Link
1,Flutter 개발자,와트,합격보상금 100만원,https://www.wnted.co.kr/wd/206135
2,Flutter 앱 개발자,제네시스네스트,합격보상금 100만원,https://www.wnted.co.kr/wd/207381
3,Flutter 앱 개발자,테일크루(Talecrew),합격보상금 100만원,https://www.wnted.co.kr/wd/207368
4,Flutter 유지 보수/최적화 및 프론트엔드 개발,야미펀,합격보상금 100만원,https://www.wnted.co.kr/wd/208007
5,Flutter 모바일 개발,인피니티익스체인지코리아,합격보상금 100만원,https://www.wnted.co.kr/wd/202018
6,Flutter 앱 개발자,섬재,합격보상금 100만원,https://www.wnted.co.kr/wd/206747
7,[100억↑투자] 모바일 App 개발자(Flutter),비엘큐(테스트밸리),합격보상금 100만원,https://www.wnted.co.kr/wd/181248
8,플러터 개발자 (3년 이상),다이노즈,합격보상금 100만원,https://www.wnted.co.kr/wd/203296
9,Flutter 개발자,와트,합격보상금 100만원,https://www.wnted.co.kr/wd/206135
10,Flutter 앱 개발자,제네시스네스트,합격보상금 100만원,https://www.wnted.co.kr/wd/207381
11,Flutter 앱 개발자,테일크루(Talecrew),합격보상금 100만원,https://www.wnted.co.kr/wd/207368
12,Flutter 유지 보수/최적화 및 프론트엔드 개발,야미펀,합격보상금 100만원,https://www.wnted.co.kr/wd/208007
13,Flutter 모바일 개발,인피니티익스체인지코리아,합격보상금 100만원,https://www.wnted.co.kr/wd/202018
14,Flutter 앱 개발자,섬재,합격보상금 100만원,https://www.wnted.co.kr/wd/206747
15,[100억↑투자] 모바일 App 개발자(Flutter),비엘큐(테스트밸리),합격보상금 100만원,https://www.wnted.co.kr/wd/181248
16,플러터 개발자 (3년 이상),다이노즈,합격보상금 100만원,https://www.wnted.co.kr/wd/203296
17,Flutter 모바일 앱 개발자,우리의지금,합격보상금 100만원,https://www.wnted.co.kr/wd/139730
18,[5년 이상] Mobile (Flutter) 개발자,큐픽스,합격보상금 100만원,https://www.wnted.co.kr/wd/207359
19,Flutter 앱 개발자,더클라우드팩토리,합격보상금 100만원,https://www.wnted.co.kr/wd/198773
20,[300억↑투자] 다이어트 앱(린다이어트) 모바일 및 Flutter 개발자,인티그레이션(메디스트림),합격보상금 100만원,https://www.wnted.co.kr/wd/208113
21,Flutter 앱 개발자 (3년 이상),에픽코퍼레이션,합격보상금 100만원,https://www.wnted.co.kr/wd/162035
22,Flutter 개발자,닥커넥트,합격보상금 100만원,https://www.wnted.co.kr/wd/206740
23,Flutter 개발자,코보시스,합격보상금 100만원,https://www.wnted.co.kr/wd/99737
24,플러터 모바일 앱 개발자,휴가중,합격보상금 100만원,https://www.wnted.co.kr/wd/200961
25,크로스플랫폼(flutter)/ 시니어 프론트엔드 엔지니어,하이스트레인저,합격보상금 100만원,https://www.wnted.co.kr/wd/202720
26,Flutter APP개발자,온택트헬스,합격보상금 100만원,https://www.wnted.co.kr/wd/201343
27,프론트엔드(Flutter) 개발자,와이엠스타,합격보상금 100만원,https://www.wnted.co.kr/wd/192579
28,Flutter 모바일 개발자,헥슬란트,합격보상금 100만원,https://www.wnted.co.kr/wd/191902
29,Flutter 어플리케이션 엔지니어(전문연구요원 가능),시너지에이아이,합격보상금 100만원,https://www.wnted.co.kr/wd/90497
30,Flutter 앱 개발자,심버스,합격보상금 100만원,https://www.wnted.co.kr/wd/187060
31,Flutter 앱 개발자 (3년 이상),모빌리버스,합격보상금 100만원,https://www.wnted.co.kr/wd/207790
32,Flutter 개발자 (병역특례_현역/보충역),넛지헬스케어(캐시워크),합격보상금 100만원,https://www.wnted.co.kr/wd/168259
33,플러터 개발자 (2년 이상),더블유클럽,합격보상금 100만원,https://www.wnted.co.kr/wd/73811
34,"Flutter, iOS 앱 개발자",에임(AIM),합격보상금 100만원,https://www.wnted.co.kr/wd/38892
35,서빙로봇 Flutter 앱 개발자 (포항),폴라리스쓰리디(Polaris3D),합격보상금 100만원,https://www.wnted.co.kr/wd/195439
36,플러터(Flutter)개발자,피닉스다트,합격보상금 100만원,https://www.wnted.co.kr/wd/185303
37,Flutter 앱 개발자,비사이드코리아,합격보상금 100만원,https://www.wnted.co.kr/wd/120367
38,Flutter 앱 개발자,플랙스뉴럴랩스,합격보상금 100만원,https://www.wnted.co.kr/wd/151186
39,"Frontend Developer (React, Flutter)",디렉셔널,합격보상금 100만원,https://www.wnted.co.kr/wd/204226
40,커머스플랫폼 앱 개발자(Flutter),이랜드이노플,합격보상금 100만원,https://www.wnted.co.kr/wd/206907
41,Flutter Engineer,퓨처커넥트(리브팜),합격보상금 100만원,https://www.wnted.co.kr/wd/176779
42,플러터 모바일앱 개발자,한국미용데이터,합격보상금 100만원,https://www.wnted.co.kr/wd/197630
43,"[100억↑투자] App 개발(Flutter, Android, iOS)",비엘큐(테스트밸리),합격보상금 100만원,https://www.wnted.co.kr/wd/87917
44,모바일 앱 개발자 (Flutter),에스케이디앤디(SK D&D),합격보상금 100만원,https://www.wnted.co.kr/wd/143640
45,Flutter 앱 개발자,선후,합격보상금 100만원,https://www.wnted.co.kr/wd/202253
46,Flutter 플러터 앱 엔지니어,밀크코퍼레이션,합격보상금 100만원,https://www.wnted.co.kr/wd/161675
47,[삼쩜삼] Mobile Engineer(Flutter),자비스앤빌런즈(삼쩜삼),합격보상금 100만원,https://www.wnted.co.kr/wd/202813
48,App 개발자 (Flutter),케이에이씨미디어그룹,합격보상금 100만원,https://www.wnted.co.kr/wd/189993
49,아파트사업본부 APP(아보카도)개발 - Junior (flutter),더즌(dozn),합격보상금 100만원,https://www.wnted.co.kr/wd/207323
50,"KMPlayer Mobile(Android, iOS) Flutter 개발",판도라티비,합격보상금 100만원,https://www.wnted.co.kr/wd/202989
51,[100억↑투자] 프론트엔드 개발자 (React-native / flutter),아파트멘터리,합격보상금 100만원,https://www.wnted.co.kr/wd/165183
52,Flutter 신입 개발자,디하이소프트,합격보상금 100만원,https://www.wnted.co.kr/wd/206152
53,아파트사업본부 APP(아보카도)개발 - Senior (flutter),더즌(dozn),합격보상금 100만원,https://www.wnted.co.kr/wd/207049
54,모바일 앱 소프트웨어 개발 (Flutter / iOS / Android),블록체인랩스,합격보상금 100만원,https://www.wnted.co.kr/wd/138923
55,모바일 앱 개발자 (Flutter),시어스랩(Seerslab),합격보상금 100만원,https://www.wnted.co.kr/wd/152786
56,플러터 앱 개발자,포스트랩,합격보상금 100만원,https://www.wnted.co.kr/wd/175296
